,Image Path,Url,Subject,Memes?
0,data/reddit/selfie/f2ihr8c9uo251.jpg,https://i.redd.it/f2ihr8c9uo251.jpg,selfie,No
1,data/reddit/selfie/n99mfjie8p251.jpg,https://i.redd.it/n99mfjie8p251.jpg,selfie,No
2,data/reddit/selfie/hnvn08qdvp251.jpg,https://i.redd.it/hnvn08qdvp251.jpg,selfie,No
3,data/reddit/selfie/mlwphsu25m251.jpg,https://i.redd.it/mlwphsu25m251.jpg,selfie,No
4,data/reddit/carporn/6sc8i7l7wm251.jpg,https://i.redd.it/6sc8i7l7wm251.jpg,carporn,No
5,data/reddit/carporn/yq5cxzrtep251.png,https://i.redd.it/yq5cxzrtep251.png,carporn,No
6,data/reddit/carporn/qixl8idzio251.jpg,https://i.redd.it/qixl8idzio251.jpg,carporn,No
7,data/reddit/carporn/l5fyyxth1q251.jpg,https://i.redd.it/l5fyyxth1q251.jpg,carporn,No
8,data/reddit/carporn/7ngxy1calp251.jpg,https://i.redd.it/7ngxy1calp251.jpg,carporn,No
9,data/reddit/cats/6zmqz1ejyn251.jpg,https://i.redd.it/6zmqz1ejyn251.jpg,cats,No
10,data/reddit/cats/x4xstnxm1p251.jpg,https://i.redd.it/x4xstnxm1p251.jpg,cats,No
11,data/reddit/cats/vs5oscf0bq251.jpg,https://i.redd.it/vs5oscf0bq251.jpg,cats,No
12,data/reddit/memes/dprj1o0o4p251.jpg,https://i.redd.it/dprj1o0o4p251.jpg,memes,Yes
13,data/reddit/memes/f74c2aetkp251.jpg,https://i.redd.it/f74c2aetkp251.jpg,memes,Yes
14,data/reddit/memes/eeuor93b5q251.png,https://i.redd.it/eeuor93b5q251.png,memes,Yes
15,data/reddit/memes/1sykt555hp251.png,https://i.redd.it/1sykt555hp251.png,memes,Yes
16,data/reddit/memes/ryk5jb7mvp251.jpg,https://i.redd.it/ryk5jb7mvp251.jpg,memes,Yes
17,data/reddit/memes/5qd4f9s85p251.jpg,https://i.redd.it/5qd4f9s85p251.jpg,memes,Yes
18,data/reddit/memes/x9j2nc7zqp251.jpg,https://i.redd.it/x9j2nc7zqp251.jpg,memes,Yes
19,data/reddit/memes/p46anj31bq251.jpg,https://i.redd.it/p46anj31bq251.jpg,memes,Yes
20,data/reddit/memes/8r7ju9jqho251.jpg,https://i.redd.it/8r7ju9jqho251.jpg,memes,Yes
21,data/reddit/memes/1kodkkvlvo251.jpg,https://i.redd.it/1kodkkvlvo251.jpg,memes,Yes
22,data/reddit/memes/1cu4cd3oyp251.jpg,https://i.redd.it/1cu4cd3oyp251.jpg,memes,Yes
23,data/reddit/memes/pyp2fccwiq251.png,https://i.redd.it/pyp2fccwiq251.png,memes,Yes
24,data/reddit/memes/fxbw0xeudq251.jpg,https://i.redd.it/fxbw0xeudq251.jpg,memes,Yes
25,data/reddit/memes/ss4pc0jhcp251.jpg,https://i.redd.it/ss4pc0jhcp251.jpg,memes,Yes
26,data/reddit/memes/z4zetwlkjp251.jpg,https://i.redd.it/z4zetwlkjp251.jpg,memes,Yes
27,data/reddit/memes/b6l1fmtwbq251.png,https://i.redd.it/b6l1fmtwbq251.png,memes,Yes
28,data/reddit/memes/g74k8gkp8q251.jpg,https://i.redd.it/g74k8gkp8q251.jpg,memes,Yes
29,data/reddit/memes/mzh8aic5zp251.jpg,https://i.redd.it/mzh8aic5zp251.jpg,memes,Yes
30,data/reddit/memes/ptlyuy7vrp251.jpg,https://i.redd.it/ptlyuy7vrp251.jpg,memes,Yes
31,data/reddit/memes/k852sfefso251.jpg,https://i.redd.it/k852sfefso251.jpg,memes,Yes
32,data/reddit/memes/f4vnyk4b9q251.png,https://i.redd.it/f4vnyk4b9q251.png,memes,Yes
33,data/reddit/memes/5mai5zgrpp251.jpg,https://i.redd.it/5mai5zgrpp251.jpg,memes,Yes
34,data/reddit/memes/lutrjrtlnp251.jpg,https://i.redd.it/lutrjrtlnp251.jpg,memes,Yes
35,data/reddit/memes/gwf2k5kxqo251.jpg,https://i.redd.it/gwf2k5kxqo251.jpg,memes,Yes
36,data/reddit/memes/4p1bor63gp251.jpg,https://i.redd.it/4p1bor63gp251.jpg,memes,Yes
37,data/reddit/memes/ya4u7k0stp251.jpg,https://i.redd.it/ya4u7k0stp251.jpg,memes,Yes
38,data/reddit/memes/n97lbwwi2q251.jpg,https://i.redd.it/n97lbwwi2q251.jpg,memes,Yes
39,data/reddit/memes/z3nums355p251.jpg,https://i.redd.it/z3nums355p251.jpg,memes,Yes
40,data/reddit/memes/t7bleypbwo251.jpg,https://i.redd.it/t7bleypbwo251.jpg,memes,Yes
41,data/reddit/memes/zppuo8eltp251.jpg,https://i.redd.it/zppuo8eltp251.jpg,memes,Yes
42,data/reddit/memes/sa7yk0sf4q251.jpg,https://i.redd.it/sa7yk0sf4q251.jpg,memes,Yes
43,data/reddit/memes/9xuhzu8i2p251.jpg,https://i.redd.it/9xuhzu8i2p251.jpg,memes,Yes
44,data/reddit/memes/maezn2a2mo251.jpg,https://i.redd.it/maezn2a2mo251.jpg,memes,Yes
45,data/reddit/memes/oeecxtoeto251.jpg,https://i.redd.it/oeecxtoeto251.jpg,memes,Yes
46,data/reddit/memes/h3q3rsm1fp251.png,https://i.redd.it/h3q3rsm1fp251.png,memes,Yes
47,data/reddit/memes/d2622jir4p251.jpg,https://i.redd.it/d2622jir4p251.jpg,memes,Yes
48,data/reddit/memes/iwvf95o01p251.jpg,https://i.redd.it/iwvf95o01p251.jpg,memes,Yes
49,data/reddit/memes/1uczpuqmco251.jpg,https://i.redd.it/1uczpuqmco251.jpg,memes,Yes
50,data/reddit/memes/tnotx1y06o251.jpg,https://i.redd.it/tnotx1y06o251.jpg,memes,Yes
51,data/reddit/memes/wjfjve7evo251.jpg,https://i.redd.it/wjfjve7evo251.jpg,memes,Yes
52,data/reddit/memes/9ehoxcy7to251.jpg,https://i.redd.it/9ehoxcy7to251.jpg,memes,Yes
53,data/reddit/memes/yc4gat07no251.jpg,https://i.redd.it/yc4gat07no251.jpg,memes,Yes
54,data/reddit/memes/qk8s0516mp251.jpg,https://i.redd.it/qk8s0516mp251.jpg,memes,Yes
55,data/reddit/memes/izc1b9fnqp251.jpg,https://i.redd.it/izc1b9fnqp251.jpg,memes,Yes
56,data/reddit/memes/lcd6nxudvo251.jpg,https://i.redd.it/lcd6nxudvo251.jpg,memes,Yes
57,data/reddit/memes/lmwi31uqeo251.png,https://i.redd.it/lmwi31uqeo251.png,memes,Yes
58,data/reddit/memes/6so75az0cq251.jpg,https://i.redd.it/6so75az0cq251.jpg,memes,Yes
59,data/reddit/memes/h5r0qug28q251.png,https://i.redd.it/h5r0qug28q251.png,memes,Yes
60,data/reddit/memes/wh4ive6d2p251.jpg,https://i.redd.it/wh4ive6d2p251.jpg,memes,Yes
61,data/reddit/ps4/4rfom3v6ko251.jpg,https://i.redd.it/4rfom3v6ko251.jpg,ps4,No
62,data/reddit/ps4/egdc6gaxdk251.jpg,https://i.redd.it/egdc6gaxdk251.jpg,ps4,No
63,data/reddit/pics/7c2o4u6s3q251.jpg,https://i.redd.it/7c2o4u6s3q251.jpg,pics,No
64,data/reddit/pics/0vfqvatmyp251.png,https://i.redd.it/0vfqvatmyp251.png,pics,No
65,data/reddit/pics/7fu4sertzo251.jpg,https://i.redd.it/7fu4sertzo251.jpg,pics,No
66,data/reddit/pics/hsrv972slo251.jpg,https://i.redd.it/hsrv972slo251.jpg,pics,No
67,data/reddit/rarepuppers/qdv8jiz27o251.jpg,https://i.redd.it/qdv8jiz27o251.jpg,rarepuppers,No
68,data/reddit/NatureIsFuckingLit/k0eoo0ywfo251.jpg,https://i.redd.it/k0eoo0ywfo251.jpg,NatureIsFuckingLit,No
69,data/reddit/NatureIsFuckingLit/oakec1kvnp251.jpg,https://i.redd.it/oakec1kvnp251.jpg,NatureIsFuckingLit,No
70,data/reddit/NatureIsFuckingLit/h8v2x5tq0q251.jpg,https://i.redd.it/h8v2x5tq0q251.jpg,NatureIsFuckingLit,No
71,data/reddit/NatureIsFuckingLit/1py2jjn8qq251.jpg,https://i.redd.it/1py2jjn8qq251.jpg,NatureIsFuckingLit,No
72,data/reddit/sports/oxrxq9kjpj251.jpg,https://i.redd.it/oxrxq9kjpj251.jpg,sports,No
73,data/reddit/texts/oq98ivgq5n251.jpg,https://i.redd.it/oq98ivgq5n251.jpg,texts,No
74,data/reddit/texts/0hnqarpv9p251.png,https://i.redd.it/0hnqarpv9p251.png,texts,No
75,data/reddit/texts/o3uvuw0mhi251.jpg,https://i.redd.it/o3uvuw0mhi251.jpg,texts,No
76,data/reddit/texts/xzs87bfixm251.jpg,https://i.redd.it/xzs87bfixm251.jpg,texts,No
77,data/reddit/cityporn/d1nscp67po251.jpg,https://i.redd.it/d1nscp67po251.jpg,cityporn,No
78,data/reddit/cityporn/fjhgww9zgo251.jpg,https://i.redd.it/fjhgww9zgo251.jpg,cityporn,No
79,data/reddit/cityporn/wruj2u914n251.png,https://i.redd.it/wruj2u914n251.png,cityporn,No
80,data/reddit/cityporn/bhk7k4vtlp251.jpg,https://i.redd.it/bhk7k4vtlp251.jpg,cityporn,No
81,data/reddit/cityporn/ar9p6lpxqj251.jpg,https://i.redd.it/ar9p6lpxqj251.jpg,cityporn,No
